In bed start,In bed Finish,Minutes in bed,Minutes asleep,Time to fall sleep,Number of sleep periods,Sleep 1 start,Sleep 1 finish,Sleep 2 start,Sleep 2 finish,Sleep 3 start,Sleep 3 finish,Sleep 4 start,Sleep 4 finish,Sleep 5 start,Sleep 5 finish,Sleep 6 start,Sleep 6 finish,Sleep 7 start,Sleep 7 finish,Sleep 8 start,Sleep 8 finish,Sleep 9 start,Sleep 9 finish,Sleep 10 start,Sleep 10 finish,Sleep 11 start,Sleep 11 finish,Sleep 12 start,Sleep 12 finish,Sleep 13 start,Sleep 13 finish,Sleep 14 start,Sleep 14 finish,Sleep 15 start,Sleep 15 finish,Sleep 16 start,Sleep 16 finish,Sleep 17 start,Sleep 17 finish
21-Jan-2018 23:29,22-Jan-2018 06:30,420.8,0.0,0.0,0
22-Jan-2018 06:32,22-Jan-2018 06:48,15.919453616937,0.0,0.0,0
22-Jan-2018 23:24,23-Jan-2018 06:30,426.466666666667,0.0,0.0,0
23-Jan-2018 23:08,24-Jan-2018 06:30,442.262783682346,0.0,0.0,0
25-Jan-2018 02:45,25-Jan-2018 07:00,255.4,0.0,0.0,0
25-Jan-2018 23:40,26-Jan-2018 07:38,478.6,0.0,0.0,0
26-Jan-2018 07:39,26-Jan-2018 07:40,0.403923549254735,0.0,0.0,0
26-Jan-2018 23:40,27-Jan-2018 07:40,480.744718515873,0.0,0.0,0
25-Jun-2018 00:38,25-Jun-2018 07:00,381.866666666667,0.0,0.0,0
10-Oct-2018 22:00,11-Oct-2018 05:45,465.175446182489,0.0,0.0,0
11-Oct-2018 22:00,12-Oct-2018 05:45,465.145615667105,0.0,0.0,0
06-Oct-2019 00:35,06-Oct-2019 07:35,420.136904408534,0.0,0.0,0
09-Oct-2019 06:00,09-Oct-2019 07:35,94.9044749220212,0.0,0.0,0
15-Oct-2019 00:35,15-Oct-2019 07:35,420.048356250922,0.0,0.0,0
16-Oct-2019 00:35,16-Oct-2019 07:35,420.297849583626,0.0,0.0,0
17-Oct-2019 05:55,17-Oct-2019 07:35,99.8542995174726,0.0,0.0,0
18-Oct-2019 06:23,18-Oct-2019 07:44,80.6647369464238,0.0,0.0,0
29-Oct-2019 06:22,29-Oct-2019 07:53,90.948388860623,0.0,0.0,0
30-Oct-2019 05:49,30-Oct-2019 07:35,106.223136997223,0.0,0.0,0
25-Nov-2019 00:35,25-Nov-2019 07:35,420.044774099191,0.0,0.0,0
26-Nov-2019 00:05,26-Nov-2019 07:35,449.414703081052,0.0,0.0,0
27-Nov-2019 00:06,27-Nov-2019 07:35,448.969700556993,0.0,0.0,0
28-Nov-2019 01:50,28-Nov-2019 07:35,344.857179214557,0.0,0.0,0
29-Nov-2019 02:48,29-Nov-2019 07:35,286.961847696702,0.0,0.0,0
30-Nov-2019 02:37,30-Nov-2019 07:35,297.84710359772,0.0,0.0,0
04-Dec-2019 00:48,04-Dec-2019 07:35,406.509358674288,0.0,0.0,0
15-Dec-2019 23:23,16-Dec-2019 08:44,561.298218051592,0.0,0.0,0
17-Dec-2019 00:42,17-Dec-2019 07:23,400.55,0.0,0.0,0
17-Dec-2019 07:23,17-Dec-2019 07:23,0.166666666666667,0.0,0.0,0
17-Dec-2019 07:23,17-Dec-2019 07:24,1.2,0.0,0.0,0
17-Dec-2019 07:31,17-Dec-2019 07:32,1.05,0.0,0.0,0
19-Dec-2019 02:13,19-Dec-2019 07:36,323.166666666667,0.0,0.0,0
16-Feb-2020 23:16,17-Feb-2020 06:00,404.11013058424,0.0,0.0,0
17-Mar-2020 23:26,18-Mar-2020 06:30,424.355928909779,0.0,0.0,0
30-Mar-2020 01:47,30-Mar-2020 08:31,403.966666666667,0.0,0.0,0
30-Mar-2020 08:33,30-Mar-2020 09:30,56.797407267491,0.0,0.0,0
31-Mar-2020 02:46,31-Mar-2020 08:30,343.816666666667,0.0,0.0,0
01-Apr-2020 01:41,01-Apr-2020 08:04,382.883333333333,0.0,0.0,0
01-Apr-2020 08:05,01-Apr-2020 08:05,0.116666666666667,0.0,0.0,0
02-Apr-2020 08:59,02-Apr-2020 09:30,30.1131698330243,0.0,0.0,0
06-Apr-2020 00:39,06-Apr-2020 08:30,471.4,0.0,0.0,0
06-Apr-2020 08:31,06-Apr-2020 08:49,17.7086193343004,0.0,0.0,0
07-Apr-2020 07:07,07-Apr-2020 08:30,83.15,0.0,0.0,0
04-May-2020 04:46,04-May-2020 09:31,284.983333333333,0.0,0.0,0
04-May-2020 09:32,04-May-2020 09:37,4.83333333333333,0.0,0.0,0
05-May-2020 09:38,05-May-2020 10:09,31.5553762495518,0.0,0.0,0
21-Jun-2020 23:23,22-Jun-2020 03:16,233.366666666667,0.0,0.0,0
22-Jun-2020 03:17,22-Jun-2020 07:20,243.007631884019,0.0,0.0,0
04-Aug-2020 01:04,04-Aug-2020 07:21,376.333333333333,0.0,0.0,0
19-Aug-2020 05:23,19-Aug-2020 08:00,156.839143852393,0.0,0.0,0
01-Sep-2020 01:18,01-Sep-2020 01:18,0.0166666666666667,0.0,0.0,0
01-Sep-2020 01:55,01-Sep-2020 06:11,256.05,0.0,0.0,0
01-Sep-2020 06:35,01-Sep-2020 08:09,93.8333333333333,0.0,0.0,0
07-Sep-2020 01:08,07-Sep-2020 02:32,84.35,0.0,0.0,0
07-Sep-2020 02:57,07-Sep-2020 07:19,262.666666666667,0.0,0.0,0
25-Oct-2020 00:27,25-Oct-2020 07:52,505.0,414.983333333333,0.0166666666666667,5,25-Oct-2020 00:27,25-Oct-2020 00:59,25-Oct-2020 01:30,25-Oct-2020 02:17,25-Oct-2020 02:18,25-Oct-2020 03:22,25-Oct-2020 03:26,25-Oct-2020 06:08,25-Oct-2020 07:02,25-Oct-2020 07:52
27-Oct-2020 01:23,27-Oct-2020 07:15,352.0,266.983333333333,0.0166666666666667,9,27-Oct-2020 01:23,27-Oct-2020 02:03,27-Oct-2020 02:06,27-Oct-2020 02:53,27-Oct-2020 02:58,27-Oct-2020 03:40,27-Oct-2020 03:41,27-Oct-2020 03:53,27-Oct-2020 04:20,27-Oct-2020 04:21,27-Oct-2020 04:23,27-Oct-2020 05:28,27-Oct-2020 05:51,27-Oct-2020 06:38,27-Oct-2020 06:43,27-Oct-2020 06:52,27-Oct-2020 07:08,27-Oct-2020 07:12
27-Oct-2020 23:48,28-Oct-2020 07:55,487.0,375.983333333333,0.0166666666666667,9,27-Oct-2020 23:48,28-Oct-2020 03:10,28-Oct-2020 03:41,28-Oct-2020 03:45,28-Oct-2020 03:56,28-Oct-2020 04:43,28-Oct-2020 05:17,28-Oct-2020 06:23,28-Oct-2020 06:46,28-Oct-2020 06:50,28-Oct-2020 06:52,28-Oct-2020 06:53,28-Oct-2020 06:56,28-Oct-2020 07:27,28-Oct-2020 07:30,28-Oct-2020 07:31,28-Oct-2020 07:35,28-Oct-2020 07:55
29-Oct-2020 00:06,29-Oct-2020 08:40,514.0,371.983333333333,0.0166666666666667,15,29-Oct-2020 00:06,29-Oct-2020 00:40,29-Oct-2020 00:41,29-Oct-2020 00:42,29-Oct-2020 00:49,29-Oct-2020 01:02,29-Oct-2020 01:17,29-Oct-2020 01:55,29-Oct-2020 01:56,29-Oct-2020 02:15,29-Oct-2020 02:33,29-Oct-2020 02:35,29-Oct-2020 02:36,29-Oct-2020 03:18,29-Oct-2020 03:22,29-Oct-2020 04:13,29-Oct-2020 04:19,29-Oct-2020 04:30,29-Oct-2020 04:41,29-Oct-2020 05:27,29-Oct-2020 05:28,29-Oct-2020 05:53,29-Oct-2020 06:30,29-Oct-2020 06:38,29-Oct-2020 06:39,29-Oct-2020 07:50,29-Oct-2020 07:55,29-Oct-2020 07:59,29-Oct-2020 08:33,29-Oct-2020 08:40
30-Oct-2020 00:46,30-Oct-2020 08:14,448.0,346.983333333333,0.0166666666666667,14,30-Oct-2020 00:46,30-Oct-2020 01:13,30-Oct-2020 01:15,30-Oct-2020 01:37,30-Oct-2020 01:44,30-Oct-2020 01:53,30-Oct-2020 02:09,30-Oct-2020 02:49,30-Oct-2020 02:50,30-Oct-2020 02:53,30-Oct-2020 02:54,30-Oct-2020 02:56,30-Oct-2020 03:05,30-Oct-2020 03:19,30-Oct-2020 03:29,30-Oct-2020 03:49,30-Oct-2020 03:50,30-Oct-2020 04:33,30-Oct-2020 04:40,30-Oct-2020 05:26,30-Oct-2020 05:27,30-Oct-2020 05:45,30-Oct-2020 05:53,30-Oct-2020 06:11,30-Oct-2020 06:15,30-Oct-2020 07:06,30-Oct-2020 07:40,30-Oct-2020 08:14
30-Oct-2020 23:49,31-Oct-2020 09:12,563.0,424.983333333333,0.0166666666666667,10,30-Oct-2020 23:49,30-Oct-2020 23:57,31-Oct-2020 00:01,31-Oct-2020 00:02,31-Oct-2020 00:03,31-Oct-2020 01:25,31-Oct-2020 01:47,31-Oct-2020 02:36,31-Oct-2020 02:49,31-Oct-2020 03:45,31-Oct-2020 03:58,31-Oct-2020 04:43,31-Oct-2020 04:44,31-Oct-2020 05:15,31-Oct-2020 05:34,31-Oct-2020 06:26,31-Oct-2020 07:09,31-Oct-2020 08:08,31-Oct-2020 08:11,31-Oct-2020 08:53
01-Nov-2020 00:11,01-Nov-2020 09:24,553.0,461.983333333333,0.0166666666666667,11,01-Nov-2020 00:11,01-Nov-2020 02:38,01-Nov-2020 02:41,01-Nov-2020 03:11,01-Nov-2020 03:13,01-Nov-2020 03:24,01-Nov-2020 03:37,01-Nov-2020 04:51,01-Nov-2020 04:53,01-Nov-2020 06:41,01-Nov-2020 07:07,01-Nov-2020 07:46,01-Nov-2020 07:47,01-Nov-2020 07:49,01-Nov-2020 07:53,01-Nov-2020 07:54,01-Nov-2020 07:58,01-Nov-2020 08:08,01-Nov-2020 08:43,01-Nov-2020 09:05,01-Nov-2020 09:06,01-Nov-2020 09:24
03-Nov-2020 00:20,03-Nov-2020 08:18,478.0,368.983333333333,0.0166666666666667,9,03-Nov-2020 00:20,03-Nov-2020 01:41,03-Nov-2020 01:43,03-Nov-2020 01:58,03-Nov-2020 02:01,03-Nov-2020 03:35,03-Nov-2020 03:41,03-Nov-2020 04:38,03-Nov-2020 04:45,03-Nov-2020 04:51,03-Nov-2020 05:15,03-Nov-2020 06:09,03-Nov-2020 06:13,03-Nov-2020 06:23,03-Nov-2020 06:44,03-Nov-2020 06:49,03-Nov-2020 07:31,03-Nov-2020 08:18
03-Nov-2020 21:33,04-Nov-2020 07:50,617.0,472.983333333333,0.0166666666666667,16,03-Nov-2020 21:33,03-Nov-2020 23:06,03-Nov-2020 23:10,03-Nov-2020 23:31,03-Nov-2020 23:32,04-Nov-2020 00:45,04-Nov-2020 00:46,04-Nov-2020 00:48,04-Nov-2020 01:00,04-Nov-2020 01:01,04-Nov-2020 01:15,04-Nov-2020 01:36,04-Nov-2020 01:43,04-Nov-2020 02:35,04-Nov-2020 02:38,04-Nov-2020 02:54,04-Nov-2020 02:55,04-Nov-2020 03:13,04-Nov-2020 03:15,04-Nov-2020 03:50,04-Nov-2020 04:15,04-Nov-2020 04:23,04-Nov-2020 04:26,04-Nov-2020 05:44,04-Nov-2020 05:56,04-Nov-2020 05:57,04-Nov-2020 06:02,04-Nov-2020 06:04,04-Nov-2020 06:30,04-Nov-2020 07:12,04-Nov-2020 07:40,04-Nov-2020 07:50
06-Nov-2020 00:17,06-Nov-2020 08:30,493.0,379.983333333333,0.0166666666666667,15,06-Nov-2020 00:17,06-Nov-2020 00:47,06-Nov-2020 00:48,06-Nov-2020 00:54,06-Nov-2020 00:55,06-Nov-2020 00:59,06-Nov-2020 01:00,06-Nov-2020 02:01,06-Nov-2020 02:04,06-Nov-2020 02:19,06-Nov-2020 02:20,06-Nov-2020 02:28,06-Nov-2020 02:33,06-Nov-2020 02:52,06-Nov-2020 02:54,06-Nov-2020 03:54,06-Nov-2020 04:21,06-Nov-2020 05:49,06-Nov-2020 06:15,06-Nov-2020 06:23,06-Nov-2020 06:46,06-Nov-2020 06:51,06-Nov-2020 06:58,06-Nov-2020 07:19,06-Nov-2020 07:20,06-Nov-2020 07:25,06-Nov-2020 07:26,06-Nov-2020 07:27,06-Nov-2020 07:41,06-Nov-2020 08:30
07-Nov-2020 00:45,07-Nov-2020 08:09,444.0,338.983333333333,0.0166666666666667,9,07-Nov-2020 00:45,07-Nov-2020 01:46,07-Nov-2020 02:06,07-Nov-2020 03:10,07-Nov-2020 03:11,07-Nov-2020 03:14,07-Nov-2020 03:16,07-Nov-2020 03:28,07-Nov-2020 03:29,07-Nov-2020 04:33,07-Nov-2020 04:34,07-Nov-2020 05:07,07-Nov-2020 05:55,07-Nov-2020 06:43,07-Nov-2020 06:50,07-Nov-2020 06:54,07-Nov-2020 07:19,07-Nov-2020 08:09
10-Nov-2020 23:57,11-Nov-2020 07:21,444.0,306.983333333333,0.0166666666666667,8,10-Nov-2020 23:57,11-Nov-2020 00:33,11-Nov-2020 00:56,11-Nov-2020 01:04,11-Nov-2020 01:14,11-Nov-2020 01:54,11-Nov-2020 02:05,11-Nov-2020 04:06,11-Nov-2020 04:07,11-Nov-2020 04:40,11-Nov-2020 04:43,11-Nov-2020 04:51,11-Nov-2020 06:11,11-Nov-2020 06:17,11-Nov-2020 06:26,11-Nov-2020 07:21
11-Nov-2020 23:21,12-Nov-2020 08:29,548.0,405.983333333333,0.0166666666666667,10,11-Nov-2020 23:21,12-Nov-2020 00:39,12-Nov-2020 01:07,12-Nov-2020 01:11,12-Nov-2020 01:21,12-Nov-2020 02:05,12-Nov-2020 02:06,12-Nov-2020 02:15,12-Nov-2020 02:59,12-Nov-2020 03:23,12-Nov-2020 03:24,12-Nov-2020 03:26,12-Nov-2020 03:34,12-Nov-2020 05:45,12-Nov-2020 06:14,12-Nov-2020 07:15,12-Nov-2020 07:23,12-Nov-2020 07:30,12-Nov-2020 07:43,12-Nov-2020 08:29
13-Nov-2020 00:50,13-Nov-2020 07:56,426.0,323.983333333333,0.0166666666666667,6,13-Nov-2020 00:50,13-Nov-2020 02:09,13-Nov-2020 02:28,13-Nov-2020 03:23,13-Nov-2020 04:04,13-Nov-2020 04:07,13-Nov-2020 04:08,13-Nov-2020 05:45,13-Nov-2020 05:46,13-Nov-2020 06:40,13-Nov-2020 07:20,13-Nov-2020 07:56
15-Nov-2020 22:35,15-Nov-2020 22:35,0.0,0.0,0.0,0
15-Nov-2020 23:20,16-Nov-2020 06:52,452.183333333333,0.0,0.0,0
16-Nov-2020 06:55,16-Nov-2020 07:09,14.3978459338347,0.0,0.0,0
17-Nov-2020 01:58,17-Nov-2020 08:02,364.0,285.983333333333,0.0166666666666667,10,17-Nov-2020 01:58,17-Nov-2020 02:10,17-Nov-2020 02:11,17-Nov-2020 03:48,17-Nov-2020 03:53,17-Nov-2020 04:25,17-Nov-2020 04:31,17-Nov-2020 05:15,17-Nov-2020 05:17,17-Nov-2020 05:31,17-Nov-2020 05:33,17-Nov-2020 05:34,17-Nov-2020 05:37,17-Nov-2020 06:12,17-Nov-2020 06:15,17-Nov-2020 06:36,17-Nov-2020 06:37,17-Nov-2020 06:54,17-Nov-2020 07:49,17-Nov-2020 08:02
18-Nov-2020 01:01,18-Nov-2020 08:38,457.0,358.983333333333,0.0166666666666667,12,18-Nov-2020 01:01,18-Nov-2020 01:23,18-Nov-2020 01:24,18-Nov-2020 02:50,18-Nov-2020 03:23,18-Nov-2020 04:11,18-Nov-2020 04:16,18-Nov-2020 04:42,18-Nov-2020 04:49,18-Nov-2020 05:34,18-Nov-2020 05:35,18-Nov-2020 05:48,18-Nov-2020 06:14,18-Nov-2020 06:19,18-Nov-2020 06:36,18-Nov-2020 06:58,18-Nov-2020 06:59,18-Nov-2020 07:36,18-Nov-2020 07:40,18-Nov-2020 07:45,18-Nov-2020 07:46,18-Nov-2020 08:19,18-Nov-2020 08:21,18-Nov-2020 08:38
19-Nov-2020 00:15,19-Nov-2020 08:22,487.0,343.983333333333,0.0166666666666667,13,19-Nov-2020 00:15,19-Nov-2020 00:23,19-Nov-2020 00:33,19-Nov-2020 01:10,19-Nov-2020 01:36,19-Nov-2020 02:49,19-Nov-2020 02:52,19-Nov-2020 02:53,19-Nov-2020 02:55,19-Nov-2020 04:09,19-Nov-2020 04:24,19-Nov-2020 04:50,19-Nov-2020 05:12,19-Nov-2020 05:27,19-Nov-2020 05:34,19-Nov-2020 05:42,19-Nov-2020 05:43,19-Nov-2020 05:52,19-Nov-2020 06:38,19-Nov-2020 07:12,19-Nov-2020 07:13,19-Nov-2020 07:15,19-Nov-2020 07:24,19-Nov-2020 07:27,19-Nov-2020 07:28,19-Nov-2020 08:22
20-Nov-2020 00:28,20-Nov-2020 08:05,457.0,325.983333333333,0.0166666666666667,15,20-Nov-2020 00:28,20-Nov-2020 00:46,20-Nov-2020 00:47,20-Nov-2020 00:49,20-Nov-2020 00:54,20-Nov-2020 01:06,20-Nov-2020 01:17,20-Nov-2020 01:19,20-Nov-2020 01:29,20-Nov-2020 01:59,20-Nov-2020 02:03,20-Nov-2020 02:32,20-Nov-2020 02:43,20-Nov-2020 02:45,20-Nov-2020 02:59,20-Nov-2020 03:01,20-Nov-2020 03:05,20-Nov-2020 03:19,20-Nov-2020 03:20,20-Nov-2020 04:03,20-Nov-2020 04:09,20-Nov-2020 04:10,20-Nov-2020 04:15,20-Nov-2020 05:06,20-Nov-2020 05:09,20-Nov-2020 05:40,20-Nov-2020 05:57,20-Nov-2020 06:39,20-Nov-2020 07:18,20-Nov-2020 08:05
22-Nov-2020 00:31,22-Nov-2020 08:21,470.0,342.983333333333,0.0166666666666667,9,22-Nov-2020 00:31,22-Nov-2020 01:23,22-Nov-2020 02:03,22-Nov-2020 03:16,22-Nov-2020 03:36,22-Nov-2020 04:16,22-Nov-2020 04:21,22-Nov-2020 04:38,22-Nov-2020 05:17,22-Nov-2020 05:24,22-Nov-2020 05:25,22-Nov-2020 06:09,22-Nov-2020 06:10,22-Nov-2020 06:13,22-Nov-2020 06:15,22-Nov-2020 06:31,22-Nov-2020 06:50,22-Nov-2020 08:21
22-Nov-2020 23:39,23-Nov-2020 08:32,533.0,357.983333333333,0.0166666666666667,16,22-Nov-2020 23:39,22-Nov-2020 23:53,23-Nov-2020 00:01,23-Nov-2020 00:19,23-Nov-2020 00:29,23-Nov-2020 00:37,23-Nov-2020 00:44,23-Nov-2020 01:32,23-Nov-2020 01:33,23-Nov-2020 01:34,23-Nov-2020 01:41,23-Nov-2020 01:49,23-Nov-2020 02:00,23-Nov-2020 02:04,23-Nov-2020 02:22,23-Nov-2020 03:20,23-Nov-2020 03:57,23-Nov-2020 04:49,23-Nov-2020 04:50,23-Nov-2020 04:57,23-Nov-2020 05:29,23-Nov-2020 06:48,23-Nov-2020 06:49,23-Nov-2020 06:51,23-Nov-2020 07:23,23-Nov-2020 07:24,23-Nov-2020 07:25,23-Nov-2020 07:39,23-Nov-2020 07:44,23-Nov-2020 08:07,23-Nov-2020 08:08,23-Nov-2020 08:29
24-Nov-2020 00:47,24-Nov-2020 08:07,439.716666666667,302.983333333333,7.73333333333333,8,24-Nov-2020 00:55,24-Nov-2020 02:04,24-Nov-2020 02:10,24-Nov-2020 02:32,24-Nov-2020 02:33,24-Nov-2020 03:24,24-Nov-2020 04:21,24-Nov-2020 04:23,24-Nov-2020 04:24,24-Nov-2020 05:28,24-Nov-2020 05:51,24-Nov-2020 05:54,24-Nov-2020 06:28,24-Nov-2020 07:00,24-Nov-2020 07:07,24-Nov-2020 08:07
24-Nov-2020 23:55,25-Nov-2020 08:18,503.0,318.983333333333,0.0166666666666667,8,24-Nov-2020 23:55,25-Nov-2020 00:10,25-Nov-2020 00:21,25-Nov-2020 01:17,25-Nov-2020 01:27,25-Nov-2020 01:32,25-Nov-2020 01:37,25-Nov-2020 01:39,25-Nov-2020 01:59,25-Nov-2020 03:23,25-Nov-2020 04:00,25-Nov-2020 05:25,25-Nov-2020 06:14,25-Nov-2020 07:16,25-Nov-2020 07:17,25-Nov-2020 07:27
26-Nov-2020 00:55,26-Nov-2020 08:02,426.083333333333,261.983333333333,16.1,10,26-Nov-2020 01:12,26-Nov-2020 02:10,26-Nov-2020 02:16,26-Nov-2020 03:08,26-Nov-2020 03:10,26-Nov-2020 04:02,26-Nov-2020 04:23,26-Nov-2020 04:30,26-Nov-2020 05:12,26-Nov-2020 05:53,26-Nov-2020 05:58,26-Nov-2020 06:10,26-Nov-2020 06:14,26-Nov-2020 06:41,26-Nov-2020 06:43,26-Nov-2020 06:49,26-Nov-2020 06:53,26-Nov-2020 06:54,26-Nov-2020 07:56,26-Nov-2020 08:02
26-Nov-2020 23:53,27-Nov-2020 09:27,574.0,440.983333333333,0.0166666666666667,9,26-Nov-2020 23:53,27-Nov-2020 00:27,27-Nov-2020 00:28,27-Nov-2020 01:44,27-Nov-2020 01:45,27-Nov-2020 02:13,27-Nov-2020 02:15,27-Nov-2020 02:51,27-Nov-2020 02:55,27-Nov-2020 03:04,27-Nov-2020 03:16,27-Nov-2020 04:51,27-Nov-2020 05:17,27-Nov-2020 06:14,27-Nov-2020 07:12,27-Nov-2020 08:52,27-Nov-2020 09:21,27-Nov-2020 09:27
28-Nov-2020 00:10,28-Nov-2020 09:41,571.0,414.983333333333,0.0166666666666667,12,28-Nov-2020 00:10,28-Nov-2020 01:34,28-Nov-2020 01:56,28-Nov-2020 02:47,28-Nov-2020 03:34,28-Nov-2020 04:14,28-Nov-2020 04:50,28-Nov-2020 06:13,28-Nov-2020 06:16,28-Nov-2020 06:23,28-Nov-2020 06:32,28-Nov-2020 07:29,28-Nov-2020 07:36,28-Nov-2020 07:46,28-Nov-2020 07:58,28-Nov-2020 08:10,28-Nov-2020 08:14,28-Nov-2020 08:15,28-Nov-2020 08:16,28-Nov-2020 08:57,28-Nov-2020 09:01,28-Nov-2020 09:18,28-Nov-2020 09:29,28-Nov-2020 09:41
29-Nov-2020 01:06,29-Nov-2020 08:53,467.0,333.983333333333,0.0166666666666667,10,29-Nov-2020 01:06,29-Nov-2020 01:16,29-Nov-2020 01:20,29-Nov-2020 01:39,29-Nov-2020 02:35,29-Nov-2020 03:56,29-Nov-2020 04:12,29-Nov-2020 05:39,29-Nov-2020 06:10,29-Nov-2020 07:00,29-Nov-2020 07:04,29-Nov-2020 07:14,29-Nov-2020 07:17,29-Nov-2020 07:19,29-Nov-2020 07:21,29-Nov-2020 07:33,29-Nov-2020 07:34,29-Nov-2020 08:32,29-Nov-2020 08:43,29-Nov-2020 08:48
30-Nov-2020 00:11,30-Nov-2020 08:38,507.0,339.983333333333,0.0166666666666667,13,30-Nov-2020 00:11,30-Nov-2020 00:22,30-Nov-2020 00:23,30-Nov-2020 00:26,30-Nov-2020 00:27,30-Nov-2020 00:34,30-Nov-2020 00:36,30-Nov-2020 00:43,30-Nov-2020 00:58,30-Nov-2020 01:59,30-Nov-2020 02:27,30-Nov-2020 03:15,30-Nov-2020 03:16,30-Nov-2020 03:32,30-Nov-2020 03:57,30-Nov-2020 03:59,30-Nov-2020 04:06,30-Nov-2020 04:59,30-Nov-2020 05:30,30-Nov-2020 05:35,30-Nov-2020 05:38,30-Nov-2020 06:50,30-Nov-2020 07:42,30-Nov-2020 08:00,30-Nov-2020 08:01,30-Nov-2020 08:38
01-Dec-2020 00:57,01-Dec-2020 08:36,459.0,296.983333333333,0.0166666666666667,10,01-Dec-2020 00:57,01-Dec-2020 01:02,01-Dec-2020 01:03,01-Dec-2020 01:40,01-Dec-2020 01:51,01-Dec-2020 01:59,01-Dec-2020 02:30,01-Dec-2020 04:57,01-Dec-2020 05:00,01-Dec-2020 05:04,01-Dec-2020 05:53,01-Dec-2020 06:07,01-Dec-2020 06:19,01-Dec-2020 07:23,01-Dec-2020 08:03,01-Dec-2020 08:05,01-Dec-2020 08:13,01-Dec-2020 08:15,01-Dec-2020 08:22,01-Dec-2020 08:36
02-Dec-2020 01:03,02-Dec-2020 07:00,356.95287604928,0.0,0.0,0
03-Dec-2020 00:11,03-Dec-2020 08:39,507.533333333333,387.983333333333,6.55,6,03-Dec-2020 00:18,03-Dec-2020 02:36,03-Dec-2020 03:16,03-Dec-2020 04:18,03-Dec-2020 04:23,03-Dec-2020 05:57,03-Dec-2020 06:09,03-Dec-2020 06:11,03-Dec-2020 06:17,03-Dec-2020 06:19,03-Dec-2020 06:20,03-Dec-2020 07:50
04-Dec-2020 00:15,04-Dec-2020 07:22,427.0,286.983333333333,0.0166666666666667,11,04-Dec-2020 00:15,04-Dec-2020 00:28,04-Dec-2020 00:29,04-Dec-2020 00:30,04-Dec-2020 00:31,04-Dec-2020 00:32,04-Dec-2020 00:36,04-Dec-2020 01:30,04-Dec-2020 01:31,04-Dec-2020 01:57,04-Dec-2020 02:05,04-Dec-2020 03:14,04-Dec-2020 03:19,04-Dec-2020 03:20,04-Dec-2020 04:10,04-Dec-2020 04:11,04-Dec-2020 04:12,04-Dec-2020 05:19,04-Dec-2020 05:21,04-Dec-2020 05:33,04-Dec-2020 05:54,04-Dec-2020 06:36
05-Dec-2020 01:20,05-Dec-2020 07:30,370.0,265.983333333333,0.0166666666666667,9,05-Dec-2020 01:20,05-Dec-2020 01:33,05-Dec-2020 01:38,05-Dec-2020 02:25,05-Dec-2020 02:31,05-Dec-2020 02:35,05-Dec-2020 02:41,05-Dec-2020 04:44,05-Dec-2020 04:45,05-Dec-2020 04:46,05-Dec-2020 05:00,05-Dec-2020 06:09,05-Dec-2020 06:12,05-Dec-2020 06:13,05-Dec-2020 06:14,05-Dec-2020 06:15,05-Dec-2020 06:22,05-Dec-2020 06:29
05-Dec-2020 22:56,06-Dec-2020 09:23,627.0,449.983333333333,0.0166666666666667,15,05-Dec-2020 22:56,05-Dec-2020 23:26,05-Dec-2020 23:44,05-Dec-2020 23:56,05-Dec-2020 23:57,06-Dec-2020 00:20,06-Dec-2020 00:27,06-Dec-2020 01:34,06-Dec-2020 01:48,06-Dec-2020 02:18,06-Dec-2020 02:19,06-Dec-2020 02:34,06-Dec-2020 02:56,06-Dec-2020 04:27,06-Dec-2020 05:00,06-Dec-2020 05:41,06-Dec-2020 05:47,06-Dec-2020 06:09,06-Dec-2020 06:10,06-Dec-2020 06:14,06-Dec-2020 06:16,06-Dec-2020 07:03,06-Dec-2020 07:35,06-Dec-2020 07:39,06-Dec-2020 07:40,06-Dec-2020 08:30,06-Dec-2020 08:36,06-Dec-2020 08:43,06-Dec-2020 09:16,06-Dec-2020 09:23
07-Dec-2020 01:08,07-Dec-2020 08:46,457.183333333333,385.983333333333,9.2,7,07-Dec-2020 01:18,07-Dec-2020 02:17,07-Dec-2020 02:50,07-Dec-2020 04:29,07-Dec-2020 04:32,07-Dec-2020 04:52,07-Dec-2020 05:03,07-Dec-2020 05:57,07-Dec-2020 05:59,07-Dec-2020 08:21,07-Dec-2020 08:31,07-Dec-2020 08:42,07-Dec-2020 08:43,07-Dec-2020 08:44
08-Dec-2020 00:30,08-Dec-2020 09:08,517.372084850073,354.983333333333,49.3887515167395,8,08-Dec-2020 01:20,08-Dec-2020 02:40,08-Dec-2020 03:01,08-Dec-2020 03:03,08-Dec-2020 03:14,08-Dec-2020 04:02,08-Dec-2020 04:07,08-Dec-2020 05:28,08-Dec-2020 05:36,08-Dec-2020 05:43,08-Dec-2020 06:09,08-Dec-2020 07:49,08-Dec-2020 08:11,08-Dec-2020 08:15,08-Dec-2020 08:35,08-Dec-2020 09:08
09-Dec-2020 05:19,09-Dec-2020 07:00,100.260345733166,0.0,0.0,0
09-Dec-2020 22:17,10-Dec-2020 07:40,563.0,406.983333333333,0.0166666666666667,10,09-Dec-2020 22:17,10-Dec-2020 00:21,10-Dec-2020 00:38,10-Dec-2020 01:25,10-Dec-2020 01:29,10-Dec-2020 01:34,10-Dec-2020 02:16,10-Dec-2020 02:32,10-Dec-2020 02:33,10-Dec-2020 03:08,10-Dec-2020 03:11,10-Dec-2020 03:15,10-Dec-2020 03:43,10-Dec-2020 04:31,10-Dec-2020 05:06,10-Dec-2020 06:07,10-Dec-2020 06:08,10-Dec-2020 06:33,10-Dec-2020 06:36,10-Dec-2020 07:18
11-Dec-2020 01:00,11-Dec-2020 09:11,491.0,371.0,6.0,10,11-Dec-2020 01:06,11-Dec-2020 01:21,11-Dec-2020 01:23,11-Dec-2020 02:44,11-Dec-2020 03:02,11-Dec-2020 04:03,11-Dec-2020 04:06,11-Dec-2020 04:11,11-Dec-2020 04:43,11-Dec-2020 05:55,11-Dec-2020 06:37,11-Dec-2020 07:08,11-Dec-2020 07:17,11-Dec-2020 07:33,11-Dec-2020 07:34,11-Dec-2020 07:40,11-Dec-2020 07:41,11-Dec-2020 09:04,11-Dec-2020 09:06,11-Dec-2020 09:07
13-Dec-2020 01:11,13-Dec-2020 08:09,418.0,315.983333333333,0.0166666666666667,11,13-Dec-2020 01:11,13-Dec-2020 01:23,13-Dec-2020 01:24,13-Dec-2020 02:00,13-Dec-2020 02:04,13-Dec-2020 02:39,13-Dec-2020 02:51,13-Dec-2020 03:52,13-Dec-2020 04:01,13-Dec-2020 04:04,13-Dec-2020 04:11,13-Dec-2020 05:12,13-Dec-2020 05:13,13-Dec-2020 05:22,13-Dec-2020 05:28,13-Dec-2020 05:39,13-Dec-2020 05:49,13-Dec-2020 06:43,13-Dec-2020 06:44,13-Dec-2020 06:58,13-Dec-2020 07:49,13-Dec-2020 08:09
13-Dec-2020 22:57,14-Dec-2020 07:49,532.0,447.983333333333,0.0166666666666667,11,13-Dec-2020 22:57,14-Dec-2020 01:13,14-Dec-2020 01:37,14-Dec-2020 01:38,14-Dec-2020 01:39,14-Dec-2020 02:42,14-Dec-2020 03:14,14-Dec-2020 03:48,14-Dec-2020 03:50,14-Dec-2020 04:00,14-Dec-2020 04:09,14-Dec-2020 05:20,14-Dec-2020 05:23,14-Dec-2020 05:42,14-Dec-2020 05:49,14-Dec-2020 06:00,14-Dec-2020 06:03,14-Dec-2020 06:10,14-Dec-2020 06:12,14-Dec-2020 07:47,14-Dec-2020 07:48,14-Dec-2020 07:49
15-Dec-2020 00:20,15-Dec-2020 07:19,418.383333333333,274.983333333333,47.4,13,15-Dec-2020 01:08,15-Dec-2020 01:33,15-Dec-2020 01:34,15-Dec-2020 01:35,15-Dec-2020 01:37,15-Dec-2020 03:05,15-Dec-2020 03:09,15-Dec-2020 03:20,15-Dec-2020 03:48,15-Dec-2020 04:26,15-Dec-2020 04:28,15-Dec-2020 04:48,15-Dec-2020 04:50,15-Dec-2020 04:56,15-Dec-2020 04:57,15-Dec-2020 05:08,15-Dec-2020 05:09,15-Dec-2020 05:37,15-Dec-2020 06:14,15-Dec-2020 06:30,15-Dec-2020 06:34,15-Dec-2020 06:46,15-Dec-2020 06:48,15-Dec-2020 07:02,15-Dec-2020 07:14,15-Dec-2020 07:19
16-Dec-2020 01:13,16-Dec-2020 09:39,506.0,369.983333333333,0.0166666666666667,16,16-Dec-2020 01:13,16-Dec-2020 01:58,16-Dec-2020 02:03,16-Dec-2020 02:07,16-Dec-2020 02:23,16-Dec-2020 02:31,16-Dec-2020 02:40,16-Dec-2020 03:36,16-Dec-2020 03:43,16-Dec-2020 04:09,16-Dec-2020 04:22,16-Dec-2020 04:56,16-Dec-2020 04:57,16-Dec-2020 05:28,16-Dec-2020 05:43,16-Dec-2020 06:20,16-Dec-2020 06:21,16-Dec-2020 06:43,16-Dec-2020 06:44,16-Dec-2020 06:45,16-Dec-2020 06:46,16-Dec-2020 06:49,16-Dec-2020 06:57,16-Dec-2020 06:58,16-Dec-2020 07:36,16-Dec-2020 08:21,16-Dec-2020 08:28,16-Dec-2020 09:16,16-Dec-2020 09:23,16-Dec-2020 09:27,16-Dec-2020 09:28,16-Dec-2020 09:33
17-Dec-2020 00:01,17-Dec-2020 09:05,543.3,355.0,27.3,12,17-Dec-2020 00:29,17-Dec-2020 02:35,17-Dec-2020 03:20,17-Dec-2020 04:32,17-Dec-2020 04:34,17-Dec-2020 04:35,17-Dec-2020 04:36,17-Dec-2020 04:37,17-Dec-2020 04:40,17-Dec-2020 04:41,17-Dec-2020 04:42,17-Dec-2020 04:44,17-Dec-2020 04:50,17-Dec-2020 04:51,17-Dec-2020 04:57,17-Dec-2020 06:03,17-Dec-2020 06:27,17-Dec-2020 06:36,17-Dec-2020 06:51,17-Dec-2020 06:58,17-Dec-2020 07:13,17-Dec-2020 08:19,17-Dec-2020 08:20,17-Dec-2020 08:23
18-Dec-2020 00:30,18-Dec-2020 08:36,486.0,368.983333333333,0.0166666666666667,13,18-Dec-2020 00:30,18-Dec-2020 01:17,18-Dec-2020 01:18,18-Dec-2020 01:23,18-Dec-2020 01:52,18-Dec-2020 02:05,18-Dec-2020 02:07,18-Dec-2020 02:52,18-Dec-2020 02:56,18-Dec-2020 03:47,18-Dec-2020 03:48,18-Dec-2020 03:51,18-Dec-2020 03:58,18-Dec-2020 04:46,18-Dec-2020 05:00,18-Dec-2020 05:41,18-Dec-2020 05:42,18-Dec-2020 05:51,18-Dec-2020 06:10,18-Dec-2020 06:11,18-Dec-2020 06:43,18-Dec-2020 07:36,18-Dec-2020 07:37,18-Dec-2020 08:05,18-Dec-2020 08:11,18-Dec-2020 08:36
19-Dec-2020 23:37,20-Dec-2020 08:18,521.0,432.983333333333,0.0166666666666667,9,19-Dec-2020 23:37,20-Dec-2020 00:25,20-Dec-2020 00:26,20-Dec-2020 00:47,20-Dec-2020 01:01,20-Dec-2020 03:51,20-Dec-2020 03:53,20-Dec-2020 03:58,20-Dec-2020 04:44,20-Dec-2020 05:14,20-Dec-2020 05:15,20-Dec-2020 05:52,20-Dec-2020 06:00,20-Dec-2020 07:09,20-Dec-2020 07:11,20-Dec-2020 08:01,20-Dec-2020 08:02,20-Dec-2020 08:05
20-Dec-2020 23:50,21-Dec-2020 08:44,534.0,436.983333333333,0.0166666666666667,13,20-Dec-2020 23:50,21-Dec-2020 00:04,21-Dec-2020 00:07,21-Dec-2020 00:09,21-Dec-2020 00:12,21-Dec-2020 02:13,21-Dec-2020 02:14,21-Dec-2020 03:16,21-Dec-2020 03:18,21-Dec-2020 03:19,21-Dec-2020 03:29,21-Dec-2020 03:34,21-Dec-2020 03:46,21-Dec-2020 04:31,21-Dec-2020 04:32,21-Dec-2020 04:34,21-Dec-2020 04:38,21-Dec-2020 04:46,21-Dec-2020 05:04,21-Dec-2020 07:06,21-Dec-2020 07:08,21-Dec-2020 07:10,21-Dec-2020 07:21,21-Dec-2020 07:26,21-Dec-2020 07:50,21-Dec-2020 08:38
22-Dec-2020 01:30,22-Dec-2020 08:00,390.0,325.983333333333,0.0166666666666667,13,22-Dec-2020 01:30,22-Dec-2020 01:59,22-Dec-2020 02:00,22-Dec-2020 02:07,22-Dec-2020 02:08,22-Dec-2020 02:16,22-Dec-2020 02:17,22-Dec-2020 02:18,22-Dec-2020 02:19,22-Dec-2020 04:16,22-Dec-2020 04:50,22-Dec-2020 05:40,22-Dec-2020 05:41,22-Dec-2020 06:01,22-Dec-2020 06:13,22-Dec-2020 06:19,22-Dec-2020 06:26,22-Dec-2020 06:35,22-Dec-2020 06:36,22-Dec-2020 06:52,22-Dec-2020 06:54,22-Dec-2020 07:29,22-Dec-2020 07:31,22-Dec-2020 07:54,22-Dec-2020 07:55,22-Dec-2020 08:00
23-Dec-2020 00:07,23-Dec-2020 08:59,532.0,403.983333333333,0.0166666666666667,10,23-Dec-2020 00:07,23-Dec-2020 00:52,23-Dec-2020 00:53,23-Dec-2020 01:47,23-Dec-2020 01:49,23-Dec-2020 02:19,23-Dec-2020 02:31,23-Dec-2020 03:23,23-Dec-2020 03:27,23-Dec-2020 03:30,23-Dec-2020 03:58,23-Dec-2020 05:02,23-Dec-2020 05:21,23-Dec-2020 06:35,23-Dec-2020 07:10,23-Dec-2020 07:14,23-Dec-2020 07:17,23-Dec-2020 07:21,23-Dec-2020 07:22,23-Dec-2020 08:36
24-Dec-2020 00:52,24-Dec-2020 07:48,416.0,354.983333333333,0.0166666666666667,8,24-Dec-2020 00:52,24-Dec-2020 01:36,24-Dec-2020 01:37,24-Dec-2020 02:40,24-Dec-2020 02:44,24-Dec-2020 02:55,24-Dec-2020 02:59,24-Dec-2020 03:11,24-Dec-2020 03:26,24-Dec-2020 04:18,24-Dec-2020 04:19,24-Dec-2020 06:02,24-Dec-2020 06:31,24-Dec-2020 06:35,24-Dec-2020 06:37,24-Dec-2020 07:43
25-Dec-2020 00:34,25-Dec-2020 09:11,517.0,410.983333333333,0.0166666666666667,17,25-Dec-2020 00:34,25-Dec-2020 01:34,25-Dec-2020 01:39,25-Dec-2020 03:13,25-Dec-2020 03:29,25-Dec-2020 04:14,25-Dec-2020 04:17,25-Dec-2020 04:18,25-Dec-2020 04:20,25-Dec-2020 04:24,25-Dec-2020 04:29,25-Dec-2020 04:41,25-Dec-2020 04:44,25-Dec-2020 04:45,25-Dec-2020 04:46,25-Dec-2020 05:02,25-Dec-2020 05:03,25-Dec-2020 05:06,25-Dec-2020 05:13,25-Dec-2020 05:26,25-Dec-2020 05:30,25-Dec-2020 06:01,25-Dec-2020 06:25,25-Dec-2020 06:27,25-Dec-2020 06:33,25-Dec-2020 06:35,25-Dec-2020 06:37,25-Dec-2020 07:48,25-Dec-2020 07:49,25-Dec-2020 07:53,25-Dec-2020 08:12,25-Dec-2020 08:39,25-Dec-2020 08:46,25-Dec-2020 09:11
26-Dec-2020 00:39,26-Dec-2020 09:21,522.0,427.983333333333,0.0166666666666667,6,26-Dec-2020 00:39,26-Dec-2020 01:52,26-Dec-2020 01:56,26-Dec-2020 03:00,26-Dec-2020 03:31,26-Dec-2020 03:34,26-Dec-2020 03:35,26-Dec-2020 04:42,26-Dec-2020 05:26,26-Dec-2020 06:53,26-Dec-2020 07:07,26-Dec-2020 09:21
27-Dec-2020 00:00,27-Dec-2020 09:56,596.0,422.983333333333,0.0166666666666667,13,27-Dec-2020 00:00,27-Dec-2020 01:02,27-Dec-2020 01:09,27-Dec-2020 01:16,27-Dec-2020 01:18,27-Dec-2020 01:54,27-Dec-2020 01:56,27-Dec-2020 02:15,27-Dec-2020 02:16,27-Dec-2020 02:34,27-Dec-2020 02:44,27-Dec-2020 02:45,27-Dec-2020 03:13,27-Dec-2020 04:49,27-Dec-2020 04:50,27-Dec-2020 04:52,27-Dec-2020 04:54,27-Dec-2020 05:08,27-Dec-2020 05:25,27-Dec-2020 06:43,27-Dec-2020 06:44,27-Dec-2020 07:19,27-Dec-2020 07:45,27-Dec-2020 07:58,27-Dec-2020 08:20,27-Dec-2020 09:02
27-Dec-2020 23:15,28-Dec-2020 04:53,338.25,0.0,0.0,0
28-Dec-2020 05:03,28-Dec-2020 05:33,29.8833333333333,0.0,0.0,0
28-Dec-2020 05:36,28-Dec-2020 06:01,24.8833333333333,0.0,0.0,0
28-Dec-2020 06:17,28-Dec-2020 06:51,33.5,0.0,0.0,0
28-Dec-2020 06:52,28-Dec-2020 07:00,7.7284447491169,0.0,0.0,0
29-Dec-2020 00:44,29-Dec-2020 01:09,25.1,0.0,0.0,0
29-Dec-2020 01:18,29-Dec-2020 08:19,420.916666666667,309.983333333333,28.9333333333333,10,29-Dec-2020 01:47,29-Dec-2020 01:49,29-Dec-2020 01:50,29-Dec-2020 02:38,29-Dec-2020 02:39,29-Dec-2020 03:52,29-Dec-2020 03:55,29-Dec-2020 03:56,29-Dec-2020 04:20,29-Dec-2020 05:05,29-Dec-2020 05:14,29-Dec-2020 05:31,29-Dec-2020 05:34,29-Dec-2020 05:47,29-Dec-2020 05:51,29-Dec-2020 06:51,29-Dec-2020 07:23,29-Dec-2020 07:39,29-Dec-2020 07:44,29-Dec-2020 08:19
30-Dec-2020 00:22,30-Dec-2020 07:00,397.600375550985,0.0,0.0,0
31-Dec-2020 03:12,31-Dec-2020 10:59,466.633333333333,456.983333333333,1.65,3,31-Dec-2020 03:14,31-Dec-2020 08:19,31-Dec-2020 08:22,31-Dec-2020 08:23,31-Dec-2020 08:28,31-Dec-2020 10:59
01-Jan-2021 00:22,01-Jan-2021 09:01,519.0,376.983333333333,0.0166666666666667,14,01-Jan-2021 00:22,01-Jan-2021 00:57,01-Jan-2021 00:58,01-Jan-2021 01:47,01-Jan-2021 02:10,01-Jan-2021 02:42,01-Jan-2021 02:44,01-Jan-2021 03:31,01-Jan-2021 03:41,01-Jan-2021 03:50,01-Jan-2021 03:51,01-Jan-2021 04:27,01-Jan-2021 04:29,01-Jan-2021 04:53,01-Jan-2021 05:12,01-Jan-2021 05:48,01-Jan-2021 05:49,01-Jan-2021 06:09,01-Jan-2021 06:10,01-Jan-2021 06:13,01-Jan-2021 06:37,01-Jan-2021 07:20,01-Jan-2021 07:23,01-Jan-2021 07:49,01-Jan-2021 08:27,01-Jan-2021 08:34,01-Jan-2021 08:51,01-Jan-2021 09:01
01-Jan-2021 23:12,02-Jan-2021 07:10,478.0,354.983333333333,0.0166666666666667,11,01-Jan-2021 23:12,01-Jan-2021 23:52,02-Jan-2021 00:36,02-Jan-2021 00:52,02-Jan-2021 00:54,02-Jan-2021 01:20,02-Jan-2021 01:25,02-Jan-2021 02:42,02-Jan-2021 02:44,02-Jan-2021 02:46,02-Jan-2021 03:11,02-Jan-2021 03:15,02-Jan-2021 03:16,02-Jan-2021 04:16,02-Jan-2021 04:29,02-Jan-2021 05:14,02-Jan-2021 05:15,02-Jan-2021 05:35,02-Jan-2021 05:55,02-Jan-2021 06:59,02-Jan-2021 07:06,02-Jan-2021 07:07
03-Jan-2021 00:26,03-Jan-2021 09:05,519.0,429.983333333333,0.0166666666666667,11,03-Jan-2021 00:26,03-Jan-2021 00:54,03-Jan-2021 00:55,03-Jan-2021 01:00,03-Jan-2021 01:10,03-Jan-2021 01:20,03-Jan-2021 01:25,03-Jan-2021 01:26,03-Jan-2021 01:31,03-Jan-2021 01:37,03-Jan-2021 01:43,03-Jan-2021 02:38,03-Jan-2021 02:46,03-Jan-2021 03:26,03-Jan-2021 03:30,03-Jan-2021 04:47,03-Jan-2021 04:52,03-Jan-2021 04:54,03-Jan-2021 05:08,03-Jan-2021 07:29,03-Jan-2021 08:00,03-Jan-2021 09:05
04-Jan-2021 00:43,04-Jan-2021 08:52,489.0,361.983333333333,0.0166666666666667,13,04-Jan-2021 00:43,04-Jan-2021 01:15,04-Jan-2021 01:52,04-Jan-2021 01:54,04-Jan-2021 02:00,04-Jan-2021 02:01,04-Jan-2021 02:03,04-Jan-2021 04:04,04-Jan-2021 04:05,04-Jan-2021 04:12,04-Jan-2021 04:40,04-Jan-2021 04:52,04-Jan-2021 04:53,04-Jan-2021 04:54,04-Jan-2021 04:59,04-Jan-2021 05:11,04-Jan-2021 05:13,04-Jan-2021 05:16,04-Jan-2021 05:17,04-Jan-2021 06:03,04-Jan-2021 06:06,04-Jan-2021 07:26,04-Jan-2021 07:27,04-Jan-2021 07:28,04-Jan-2021 08:08,04-Jan-2021 08:52
04-Jan-2021 23:19,05-Jan-2021 09:22,603.0,400.983333333333,0.0166666666666667,16,04-Jan-2021 23:19,04-Jan-2021 23:35,04-Jan-2021 23:42,05-Jan-2021 00:47,05-Jan-2021 01:09,05-Jan-2021 02:19,05-Jan-2021 02:24,05-Jan-2021 02:27,05-Jan-2021 02:38,05-Jan-2021 02:45,05-Jan-2021 03:00,05-Jan-2021 03:03,05-Jan-2021 03:04,05-Jan-2021 03:16,05-Jan-2021 03:23,05-Jan-2021 04:11,05-Jan-2021 04:12,05-Jan-2021 04:28,05-Jan-2021 04:30,05-Jan-2021 05:32,05-Jan-2021 06:19,05-Jan-2021 06:25,05-Jan-2021 06:26,05-Jan-2021 06:48,05-Jan-2021 07:13,05-Jan-2021 07:41,05-Jan-2021 07:57,05-Jan-2021 08:35,05-Jan-2021 08:59,05-Jan-2021 09:03,05-Jan-2021 09:17,05-Jan-2021 09:18
06-Jan-2021 01:23,06-Jan-2021 08:43,439.133333333333,336.983333333333,9.15,8,06-Jan-2021 01:33,06-Jan-2021 02:22,06-Jan-2021 02:23,06-Jan-2021 02:25,06-Jan-2021 02:28,06-Jan-2021 03:50,06-Jan-2021 04:24,06-Jan-2021 05:23,06-Jan-2021 05:28,06-Jan-2021 06:25,06-Jan-2021 06:28,06-Jan-2021 06:32,06-Jan-2021 06:57,06-Jan-2021 08:12,06-Jan-2021 08:34,06-Jan-2021 08:43
07-Jan-2021 02:15,07-Jan-2021 10:59,523.066666666667,515.983333333333,4.08333333333333,2,07-Jan-2021 02:20,07-Jan-2021 07:58,07-Jan-2021 08:01,07-Jan-2021 10:59
09-Jan-2021 00:23,09-Jan-2021 08:50,507.0,415.983333333333,0.0166666666666667,16,09-Jan-2021 00:23,09-Jan-2021 01:23,09-Jan-2021 01:29,09-Jan-2021 01:39,09-Jan-2021 01:50,09-Jan-2021 02:45,09-Jan-2021 02:47,09-Jan-2021 04:31,09-Jan-2021 04:35,09-Jan-2021 04:36,09-Jan-2021 04:45,09-Jan-2021 04:51,09-Jan-2021 05:08,09-Jan-2021 05:11,09-Jan-2021 05:12,09-Jan-2021 06:55,09-Jan-2021 06:58,09-Jan-2021 07:47,09-Jan-2021 08:00,09-Jan-2021 08:03,09-Jan-2021 08:08,09-Jan-2021 08:14,09-Jan-2021 08:18,09-Jan-2021 08:26,09-Jan-2021 08:32,09-Jan-2021 08:33,09-Jan-2021 08:34,09-Jan-2021 08:35,09-Jan-2021 08:36,09-Jan-2021 08:37,09-Jan-2021 08:41,09-Jan-2021 08:46
11-Jan-2021 01:07,11-Jan-2021 08:32,444.077026025454,311.983333333333,15.0936926921209,11,11-Jan-2021 01:23,11-Jan-2021 02:11,11-Jan-2021 02:12,11-Jan-2021 02:37,11-Jan-2021 02:38,11-Jan-2021 03:47,11-Jan-2021 03:50,11-Jan-2021 03:55,11-Jan-2021 04:18,11-Jan-2021 05:15,11-Jan-2021 05:17,11-Jan-2021 05:19,11-Jan-2021 05:20,11-Jan-2021 05:28,11-Jan-2021 06:07,11-Jan-2021 06:21,11-Jan-2021 06:22,11-Jan-2021 06:59,11-Jan-2021 07:09,11-Jan-2021 07:22,11-Jan-2021 07:58,11-Jan-2021 08:32
12-Jan-2021 01:05,12-Jan-2021 08:50,465.0,351.983333333333,0.0166666666666667,17,12-Jan-2021 01:05,12-Jan-2021 01:16,12-Jan-2021 01:20,12-Jan-2021 01:59,12-Jan-2021 02:03,12-Jan-2021 02:30,12-Jan-2021 02:44,12-Jan-2021 02:49,12-Jan-2021 03:05,12-Jan-2021 04:07,12-Jan-2021 04:11,12-Jan-2021 04:37,12-Jan-2021 04:45,12-Jan-2021 05:17,12-Jan-2021 05:22,12-Jan-2021 05:38,12-Jan-2021 05:44,12-Jan-2021 06:23,12-Jan-2021 06:26,12-Jan-2021 06:50,12-Jan-2021 06:54,12-Jan-2021 07:08,12-Jan-2021 07:09,12-Jan-2021 07:27,12-Jan-2021 07:29,12-Jan-2021 07:33,12-Jan-2021 08:02,12-Jan-2021 08:08,12-Jan-2021 08:10,12-Jan-2021 08:17,12-Jan-2021 08:19,12-Jan-2021 08:23,12-Jan-2021 08:32,12-Jan-2021 08:50
13-Jan-2021 01:49,13-Jan-2021 09:08,439.0,350.983333333333,0.0166666666666667,9,13-Jan-2021 01:49,13-Jan-2021 02:01,13-Jan-2021 02:05,13-Jan-2021 02:30,13-Jan-2021 02:31,13-Jan-2021 02:35,13-Jan-2021 02:38,13-Jan-2021 03:35,13-Jan-2021 03:45,13-Jan-2021 04:29,13-Jan-2021 04:35,13-Jan-2021 05:55,13-Jan-2021 06:33,13-Jan-2021 08:10,13-Jan-2021 08:32,13-Jan-2021 08:44,13-Jan-2021 08:48,13-Jan-2021 09:08
14-Jan-2021 00:29,14-Jan-2021 08:56,506.1,344.983333333333,14.1166666666667,13,14-Jan-2021 00:44,14-Jan-2021 01:30,14-Jan-2021 01:33,14-Jan-2021 01:49,14-Jan-2021 01:53,14-Jan-2021 02:45,14-Jan-2021 02:52,14-Jan-2021 03:13,14-Jan-2021 03:33,14-Jan-2021 04:02,14-Jan-2021 04:04,14-Jan-2021 04:34,14-Jan-2021 04:40,14-Jan-2021 05:22,14-Jan-2021 05:27,14-Jan-2021 05:29,14-Jan-2021 05:43,14-Jan-2021 06:27,14-Jan-2021 06:28,14-Jan-2021 06:29,14-Jan-2021 07:11,14-Jan-2021 07:25,14-Jan-2021 07:27,14-Jan-2021 07:29,14-Jan-2021 07:38,14-Jan-2021 08:24
14-Jan-2021 23:59,15-Jan-2021 08:34,515.0,366.983333333333,0.0166666666666667,9,14-Jan-2021 23:59,15-Jan-2021 00:39,15-Jan-2021 00:40,15-Jan-2021 00:44,15-Jan-2021 00:48,15-Jan-2021 01:29,15-Jan-2021 01:39,15-Jan-2021 02:23,15-Jan-2021 02:28,15-Jan-2021 03:03,15-Jan-2021 03:30,15-Jan-2021 04:43,15-Jan-2021 05:15,15-Jan-2021 06:31,15-Jan-2021 07:37,15-Jan-2021 07:58,15-Jan-2021 08:01,15-Jan-2021 08:34
17-Jan-2021 00:10,17-Jan-2021 09:01,531.0,349.983333333333,0.0166666666666667,12,17-Jan-2021 00:10,17-Jan-2021 00:21,17-Jan-2021 00:38,17-Jan-2021 00:39,17-Jan-2021 00:51,17-Jan-2021 01:55,17-Jan-2021 02:26,17-Jan-2021 03:26,17-Jan-2021 03:33,17-Jan-2021 03:39,17-Jan-2021 03:55,17-Jan-2021 03:59,17-Jan-2021 04:13,17-Jan-2021 04:14,17-Jan-2021 04:27,17-Jan-2021 05:30,17-Jan-2021 05:34,17-Jan-2021 06:58,17-Jan-2021 07:40,17-Jan-2021 08:15,17-Jan-2021 08:20,17-Jan-2021 08:21,17-Jan-2021 08:23,17-Jan-2021 08:43
17-Jan-2021 23:21,18-Jan-2021 08:14,533.0,379.983333333333,0.0166666666666667,14,17-Jan-2021 23:21,17-Jan-2021 23:42,17-Jan-2021 23:58,18-Jan-2021 00:24,18-Jan-2021 00:25,18-Jan-2021 00:30,18-Jan-2021 00:34,18-Jan-2021 01:02,18-Jan-2021 01:42,18-Jan-2021 01:54,18-Jan-2021 01:55,18-Jan-2021 02:39,18-Jan-2021 02:43,18-Jan-2021 03:45,18-Jan-2021 03:56,18-Jan-2021 04:48,18-Jan-2021 04:59,18-Jan-2021 05:00,18-Jan-2021 05:23,18-Jan-2021 05:52,18-Jan-2021 05:53,18-Jan-2021 06:44,18-Jan-2021 07:10,18-Jan-2021 07:13,18-Jan-2021 07:18,18-Jan-2021 07:46,18-Jan-2021 07:56,18-Jan-2021 08:14
19-Jan-2021 00:09,19-Jan-2021 09:00,531.0,407.983333333333,0.0166666666666667,12,19-Jan-2021 00:09,19-Jan-2021 00:33,19-Jan-2021 00:35,19-Jan-2021 01:21,19-Jan-2021 01:24,19-Jan-2021 01:35,19-Jan-2021 01:40,19-Jan-2021 02:35,19-Jan-2021 02:38,19-Jan-2021 02:39,19-Jan-2021 02:50,19-Jan-2021 05:08,19-Jan-2021 05:12,19-Jan-2021 05:39,19-Jan-2021 06:04,19-Jan-2021 07:01,19-Jan-2021 07:04,19-Jan-2021 07:07,19-Jan-2021 07:26,19-Jan-2021 07:39,19-Jan-2021 08:22,19-Jan-2021 08:39,19-Jan-2021 08:44,19-Jan-2021 09:00
20-Jan-2021 01:08,20-Jan-2021 09:11,483.0,397.983333333333,0.0166666666666667,10,20-Jan-2021 01:08,20-Jan-2021 02:02,20-Jan-2021 02:06,20-Jan-2021 02:59,20-Jan-2021 03:00,20-Jan-2021 03:39,20-Jan-2021 03:42,20-Jan-2021 03:51,20-Jan-2021 03:52,20-Jan-2021 04:12,20-Jan-2021 04:13,20-Jan-2021 05:23,20-Jan-2021 05:56,20-Jan-2021 07:03,20-Jan-2021 07:13,20-Jan-2021 07:26,20-Jan-2021 07:27,20-Jan-2021 07:29,20-Jan-2021 08:00,20-Jan-2021 09:11
21-Jan-2021 00:44,21-Jan-2021 08:12,448.0,329.983333333333,0.0166666666666667,9,21-Jan-2021 00:44,21-Jan-2021 01:13,21-Jan-2021 01:20,21-Jan-2021 02:09,21-Jan-2021 02:44,21-Jan-2021 03:40,21-Jan-2021 04:05,21-Jan-2021 04:14,21-Jan-2021 04:20,21-Jan-2021 04:26,21-Jan-2021 04:40,21-Jan-2021 05:37,21-Jan-2021 05:53,21-Jan-2021 06:55,21-Jan-2021 06:57,21-Jan-2021 07:35,21-Jan-2021 07:36,21-Jan-2021 08:00
22-Jan-2021 00:52,22-Jan-2021 08:34,462.0,302.983333333333,0.0166666666666667,13,22-Jan-2021 00:52,22-Jan-2021 01:38,22-Jan-2021 01:44,22-Jan-2021 02:19,22-Jan-2021 02:37,22-Jan-2021 03:17,22-Jan-2021 03:19,22-Jan-2021 03:38,22-Jan-2021 03:44,22-Jan-2021 03:48,22-Jan-2021 03:50,22-Jan-2021 04:32,22-Jan-2021 04:37,22-Jan-2021 05:05,22-Jan-2021 05:06,22-Jan-2021 05:17,22-Jan-2021 05:18,22-Jan-2021 05:19,22-Jan-2021 05:48,22-Jan-2021 06:33,22-Jan-2021 06:34,22-Jan-2021 06:41,22-Jan-2021 07:43,22-Jan-2021 08:04,22-Jan-2021 08:30,22-Jan-2021 08:34
24-Jan-2021 01:15,24-Jan-2021 09:37,502.0,402.983333333333,0.0166666666666667,10,24-Jan-2021 01:15,24-Jan-2021 01:27,24-Jan-2021 01:28,24-Jan-2021 02:06,24-Jan-2021 02:07,24-Jan-2021 02:08,24-Jan-2021 02:09,24-Jan-2021 03:21,24-Jan-2021 03:44,24-Jan-2021 04:00,24-Jan-2021 04:02,24-Jan-2021 06:38,24-Jan-2021 07:15,24-Jan-2021 07:27,24-Jan-2021 07:29,24-Jan-2021 08:35,24-Jan-2021 08:39,24-Jan-2021 08:41,24-Jan-2021 09:09,24-Jan-2021 09:37
